account,operator,pickup,dropoff,api_gravity,rate,driver_pay,notes
INFINITY HYDROCARBONS,JP OIL,58-1U,PENTLAND STATION,34,6.28,1.413,
INFINITY HYDROCARBONS,E&B NATURAL RESOURCES,AML LEASE,PENTLAND STATION,,4.47,1.006,
KERN OIL & REFINING,ETCHEGOIN,ANDERSON ETCHEGOIN,KERN ENERGY,18,2.84,0.639,
INFINITY HYDROCARBONS,ETCHEGOIN,ANDERSON ETCHEGOIN,PENTLAND STATION,17.78,4.32,0.9765,
INFINITY HYDROCARBONS,TRIO PETROLEUM,ANSOLABEHERE KERN FRONT,PENTLAND STATION,15.35,4.29,0.9653,
CALIFORNIA RESOURCES CORPORATION,CALIFORNIA RESOURCES CORPORATION,ANTHILL,BAKERSFIELD TANK FARM,,1.2,0.306,
CALIFORNIA RESOURCES CORPORATION,CALIFORNIA RESOURCES CORPORATION,ANTHILL,OLYMPUS TERMINAL LLC,,4.74,1.158,
CALIFORNIA RESOURCES CORPORATION,CALIFORNIA RESOURCES CORPORATION,ANTHILL,SAN JOAQUIN REFINERY,14.068,2.22,0.4995,
INFINITY HYDROCARBONS,E&B NATURAL RESOURCES,ANZA,PENTLAND STATION,,3.9,0.878,
KERN ENERGY,CATHER HERLEY (THROUGH PINNACLE PETROLEUM),BELRIDGE B,KERN ENERGY,34.4,3.95,0.9273,
KERN OIL & REFINING,"CANFIELD RANCH HOLDINGS, LLC.",BERCHTOLD LEASE,KERN ENERGY,32,1.86,0.4185,
KERN ENERGY,PROTHO ENERGY,BERRENDA MESA,KERN ENERGY,31.7,4.22,0.9495,
IPEX,,BLACK LEASE,PENTLAND STATION,,3.74,0.8415,
"TEXICAN CRUDE & HYDROCARBONS, LLC.",LITTLE CREEK PROPERTIES,BLACK SATIN LEASE,PENTLAND STATION,16.4667,4.64,1.044,
INFINITY HYDROCARBONS,E&B NATURAL RESOURCES,BLACKWELLS CORNER UNIT,PENTLAND STATION,,5.33,1.199,
INFINITY HYDROCARBONS,SIERRA,BLAIR,PENTLAND STATION,29.1,5.54,1.3047,
"SIERRA RESOURCES, INC.",SIERRA,BLAIR,SOLADINO (BLAIR TO SOLADINO),28,1.86,0.558,
INFINITY HYDROCARBONS,SIERRA,BLAIR,TUNNELL,29,3.25,0.7313,
MISSION OIL,MISSION OIL,BOWLES,SAN JOAQUIN REFINERY,14.5,2.53,0.6325,
INFINITY HYDROCARBONS,SIERRA,BOYNE,PENTLAND STATION,16.9,6.25,1.4817,
KERN ENERGY,PETRO-LUD,BROCKMAN,KERN ENERGY,18.86,1.9,0.446,
PETRO-LUD,PETRO-LUD,BROWN,SAN JOAQUIN REFINERY,15.66,2.24,0.5258,
KERN OIL & REFINING,SAN JOAQUIN FMI,CAL CANAL,KERN ENERGY,38,2.84,0.639,
KERN ENERGY,CATHER HERLEY (THROUGH PINNACLE PETROLEUM),CAL FEDERAL A,KERN ENERGY,35.5333,3.39,0.7958,
INFINITY HYDROCARBONS,E&B NATURAL RESOURCES,CARIBOU,PENTLAND STATION,15.8,3.85,0.866,
INFINITY HYDROCARBONS,E&B NATURAL RESOURCES,CARNEROS,PENTLAND STATION,20.0833,4.54,1.0215,
INFINITY HYDROCARBONS,E&B NATURAL RESOURCES,CAULEY TRUST,PENTLAND STATION,14.2,3.82,0.86,
KERN OIL & REFINING,GRAPEVINE ENERGY,CHARDONNAY,KERN ENERGY,31,2,0.45,
COFFEE PETROLEUM,BRET COOPER,COFFEE LEASE,SAN JOAQUIN REFINERY,16.5,2.53,0.6325,
KERN ENERGY,PETRO-LUD,COMMUNITY,KERN ENERGY,18.05,4.13,0.9695,
CALIFORNIA RESOURCES CORPORATION,CALIFORNIA RESOURCES CORPORATION,CRC 10G,TAYLOR DEHY VENTURA,,7.94,1.7865,
CALIFORNIA RESOURCES CORPORATION,CALIFORNIA RESOURCES CORPORATION,CRC 18G,CHAMBERLAIN LCO DROP - PCEC,,4.24,0.954,
CALIFORNIA RESOURCES CORPORATION,CALIFORNIA RESOURCES CORPORATION,CRC 18G,DAVIS LCO DROP - PCEC,,4.24,0.954,
CALIFORNIA RESOURCES CORPORATION,CALIFORNIA RESOURCES CORPORATION,CRC 18G,TAYLOR DEHY VENTURA,,7.94,1.7865,
INFINITY HYDROCARBONS,E&B NATURAL RESOURCES,CUCCIA,PENTLAND STATION,,4.07,0.916,
INFINITY HYDROCARBONS,E&B NATURAL RESOURCES,CWOD,PENTLAND STATION,,4.4,0.99,
KERN ENERGY,PETRO-LUD,DERBY,KERN ENERGY,,1.89,0.4437,
CALIFORNIA RESOURCES CORPORATION,CALIFORNIA RESOURCES CORPORATION,DEVILS DEN (BCL LEASE),COALINGA TRUCK RACK (HEAVY),,2.82,0.636,
CALIFORNIA RESOURCES CORPORATION,CALIFORNIA RESOURCES CORPORATION,DEVILS DEN (BCL LEASE),DEHY 20 CRC,22.5,4.57,1.0283,
IPEX,PACE DIVERSIFIED CORP.,DORSEY GARDNER,PBF CONTINENTAL STATION,15.7333,4.08,0.918,
INFINITY HYDROCARBONS,JP OIL,DOUGHERTY,PENTLAND STATION,39,6.28,1.413,
KERN OIL & REFINING,CALNRG,DRYDEN,KERN ENERGY,35.5,3.97,0.8933,
INFINITY HYDROCARBONS,E&B NATURAL RESOURCES,E & M LEASE,PENTLAND STATION,15.4733,4.05,0.911,
INFINITY HYDROCARBONS,E&B NATURAL RESOURCES,E&B ANDERSON,PENTLAND STATION,,4.34,0.977,
INFINITY HYDROCARBONS,E&B NATURAL RESOURCES,E&B RIO BRAVO,PENTLAND STATION,,4.05,0.911,
INFINITY HYDROCARBONS,E&B NATURAL RESOURCES,E&B SALT CREEK,PENTLAND STATION,16.2625,4.47,1.006,
PETRO-LUD,PETRO-LUD,ELLIOT GLIDE 1-27,SAN JOAQUIN REFINERY,14.6,2.25,0.5282,
INFINITY HYDROCARBONS,E&B NATURAL RESOURCES,ENAS 21,PENTLAND STATION,14.3667,4.1,0.923,
INFINITY HYDROCARBONS,BE CONWAY,ENOS,PENTLAND STATION,12.8,5.47,1.2965,
KERN ENERGY,PETRO-LUD,ENRON 1-34,KERN ENERGY,29.4,2.12,0.4977,
INFINITY HYDROCARBONS,E&B NATURAL RESOURCES,F.E. SMITH,PENTLAND STATION,,4.35,0.979,
KERN ENERGY,PETRO-LUD,FOTH,KERN ENERGY,16.2,2.28,0.5352,
INFINITY HYDROCARBONS,DCD LAND,FOTH,PENTLAND STATION,16,2.95,0.6638,
INFINITY HYDROCARBONS,E&B NATURAL RESOURCES,GIL SESNON,PENTLAND STATION,,3.88,0.873,
PETRO-LUD,PETRO-LUD,GLIDE 15,SAN JOAQUIN REFINERY,15.7167,2.44,0.5728,
CALIFORNIA RESOURCES CORPORATION,CALIFORNIA RESOURCES CORPORATION,GLIDE 33,SAN JOAQUIN REFINERY,,1.34,0.306,
KERN ENERGY,PROTHO ENERGY,GUMP TRUST,KERN ENERGY,31.4333,4.22,0.9495,
INFINITY HYDROCARBONS,BE CONWAY,HANCOCK,PENTLAND STATION,11.1,5.52,1.3095,
CALIFORNIA RESOURCES CORPORATION,CALIFORNIA RESOURCES CORPORATION,HELM LEASE,COALINGA TRUCK RACK (HEAVY),,2.5,0.525,duplicate of HELM EAST -> COALINGA (same rate) removed
CALIFORNIA RESOURCES CORPORATION,CALIFORNIA RESOURCES CORPORATION,HELM LEASE,DEHY 20 CRC,31.75,5.36,1.206,
CALIFORNIA RESOURCES CORPORATION,CALIFORNIA RESOURCES CORPORATION,HELM LEASE,PENN ZIER,,3.49,0.785,
VENATOR RESOURCES LLC,VENATOR RESOURCES LLC,HERSHEY,TUNNELL,28,5.72,1.287,
INFINITY HYDROCARBONS,BALLARD,HOLMES/BALLARD,PENTLAND STATION,25,1.59,0.4182,
INFINITY HYDROCARBONS,E&B NATURAL RESOURCES,HOPKINS,PENTLAND STATION,,5,1.125,
KERN OIL & REFINING,"CANFIELD RANCH HOLDINGS, LLC.",HOUGHTON LEASE,KERN ENERGY,34.5,2.22,0.4995,
INFINITY HYDROCARBONS,E&B NATURAL RESOURCES,HOYT,PENTLAND STATION,16.75,3.32,0.747,
SAN JOAQUIN REFINERY,BELLAIRE OIL,ISABEL FEDERAL,SAN JOAQUIN REFINERY,14.2313,2.56,0.576,
INFINITY HYDROCARBONS,J&K OPERATING,JADE KERN PROJECT,PENTLAND STATION,,2.92,0.657,
IPEX,PACE DIVERSIFIED CORP.,JEWETT,PBF CONTINENTAL STATION,18.9,4.21,0.9473,
IPEX,PACE DIVERSIFIED CORP.,JEWETT,PENTLAND STATION,18.9,4.21,0.9473,
KERN OIL & REFINING,POWERDRIVE ENERGY SERVICE,JOHNSON LEASE,KERN ENERGY,34.5,1.86,0.4185,
MISSION OIL,MISSION OIL,JONES,SAN JOAQUIN REFINERY,14.5,2.53,0.6325,
PINNACLE PETROLEUM,H.T. OLSON OIL & GAS,JUTBU,COALINGA TRUCK RACK (HEAVY),36,2.1,0.4725,
KERN ENERGY,H.T. OLSON OIL & GAS,JUTBU,KERN ENERGY,36,6.32,1.422,
KERN OIL & REFINING,RJ BELLEVUE,KARPE,KERN ENERGY,34,1.72,0.387,
CRIMSON RESOURCE MANAGEMENT,CRIMSON RESOURCE MANAGEMENT,KCL 61 - HIGHGATE,MABEL STRAWN,,5.22,1.1745,
CALIFORNIA RESOURCES CORPORATION,CALIFORNIA RESOURCES CORPORATION,KCL SOUTH,BAKERSFIELD TANK FARM,,2.19,0.465,
CRESCENT OIL,KERN ENERGY,KERN ENERGY,GENERAL CARBON CO.,14,,,RATE NEEDED
SAN JOAQUIN REFINERY,BELLAIRE OIL,KERN FRONT SECTION 27,SAN JOAQUIN LACT,13.6477,2.21,0.497,
SAN JOAQUIN REFINERY,BELLAIRE OIL,KERN FRONT SECTION 27,SAN JOAQUIN REFINERY,13.6477,2.21,0.497,
KERN OIL & REFINING,INNEX ENERGY,KETTLEMAN MIDDLE DOME,KERN ENERGY,37,5.95,1.3388,
INFINITY HYDROCARBONS,E&B NATURAL RESOURCES,LAYMANCE,PENTLAND STATION,11.5608,4.32,0.972,
"TEXICAN CRUDE & HYDROCARBONS, LLC.",LITTLE CREEK PROPERTIES,LITTLE CREEK,PENTLAND STATION,,4.54,1.0215,
CALIFORNIA RESOURCES CORPORATION,CALIFORNIA RESOURCES CORPORATION,LOST HILLS #2 - CRC,AFS N MIDWAY (FINLEY),14.0954,4.04,0.909,
KERN OIL & REFINING,POWERDRIVE ENERGY SERVICE,LOVEGREN,KERN ENERGY,30,1.86,0.4185,
CALIFORNIA RESOURCES CORPORATION,WORLD OIL,LUNDAY THAGARD (WORLD OIL),CRC 10G,65,4.02,1.206,
WORLD OIL,WORLD OIL,LUNDAY THAGARD (WORLD OIL),KERN ENERGY,65,4.02,1.206,
CALIFORNIA RESOURCES CORPORATION,WORLD OIL,LUNDAY THAGARD (WORLD OIL),YOWLUMNE LEASE,65,3.92,1.176,
INFINITY HYDROCARBONS,BE CONWAY,MAGENHEIMER,PENTLAND STATION,12.2,6.04,1.4224,
INFINITY HYDROCARBONS,BALLARD,MARK MORRIS,PENTLAND STATION,17,3.34,0.7866,duplicate of MARK MORRIS HARRIS -> PENTLAND (same rate) removed
KERN ENERGY,PETRO-LUD,MATTSON,KERN ENERGY,20.0333,1.78,0.4179,
PETRO-LUD,PETRO-LUD,MCKITTRICK,SAN JOAQUIN REFINERY,15.5,3.39,0.7958,
KERN ENERGY,PETRO-LUD,MERIZOIAN,KERN ENERGY,18.0333,4.01,0.9413,
KERN OIL & REFINING,,MING 1&2,KERN ENERGY,33,2,0.45,
IPEX,SEQUOIA EXPLORATION INC.,MON LEASE,PBF CONTINENTAL STATION,17.0967,4.28,0.963,
CALIFORNIA RESOURCES CORPORATION,CALIFORNIA RESOURCES CORPORATION,MT POSO LEASE,AFS N MIDWAY (FINLEY),16.5,4.23,0.9512,
CALIFORNIA RESOURCES CORPORATION,CALIFORNIA RESOURCES CORPORATION,MT POSO LEASE,BAKERSFIELD TANK FARM,,1.54,0.315,
CALIFORNIA RESOURCES CORPORATION,CALIFORNIA RESOURCES CORPORATION,MT POSO LEASE,DEHY 2 - CRC,16.0933,4.23,0.9512,
CALIFORNIA RESOURCES CORPORATION,CALIFORNIA RESOURCES CORPORATION,MT POSO LEASE,LUNDAY THAGARD (WORLD OIL),16.0259,8.63,1.9418,
CALIFORNIA RESOURCES CORPORATION,CALIFORNIA RESOURCES CORPORATION,MT POSO LEASE,MCKITTRICK STATION,,2.84,0.639,
CALIFORNIA RESOURCES CORPORATION,CALIFORNIA RESOURCES CORPORATION,MT POSO LEASE,OLYMPUS TERMINAL LLC,15.7244,8.63,1.9418,
CALIFORNIA RESOURCES CORPORATION,CALIFORNIA RESOURCES CORPORATION,MT POSO LEASE,RIBOST TERMINAL,16.3,8.63,1.9418,
INFINITY HYDROCARBONS,BALLARD,N&W,PENTLAND STATION,16,1.54,0.4182,
INFINITY HYDROCARBONS,E&B NATURAL RESOURCES,NEW HOPE BELLAIRE,PENTLAND STATION,14.2025,4.07,0.916,
INFINITY HYDROCARBONS,E&B NATURAL RESOURCES,NEW HOPE EAST,PENTLAND STATION,14.2792,4.07,0.916,
IPEX,PACE DIVERSIFIED CORP.,NEWBERRY GIBSON,PBF CONTINENTAL STATION,18.7,4.13,0.9293,
IPEX,PACE DIVERSIFIED CORP.,NEWBERRY GIBSON,PENTLAND STATION,18.7,4.13,0.9293,
KERN ENERGY,HOLMES WESTERN,NIXON,KERN ENERGY,29.5,2.84,0.6667,
SIDE OUT,PATRIOT RESOURCES,NL&F,SANTA PAULA TRUCK RACK,21.66,3.57,0.8033,
INFINITY HYDROCARBONS,E&B NATURAL RESOURCES,NORTH ROSEDALE RANCH,PENTLAND STATION,,3.85,0.866,
CALIFORNIA RESOURCES CORPORATION,CALIFORNIA RESOURCES CORPORATION,NORTH SHAFTER,BAKERSFIELD TANK FARM,,2.23,0.5352,
INFINITY HYDROCARBONS,BALLARD,O'BRIEN-SILL,PENTLAND STATION,,1.79,0.4028,
IPEX,PACE DIVERSIFIED CORP.,OLCESE,PBF CONTINENTAL STATION,18.43,4.33,0.974,
CRIMSON RESOURCE MANAGEMENT,CRIMSON RESOURCE MANAGEMENT,PANAMA 15,MABEL STRAWN,,5.22,1.1745,
CRIMSON RESOURCE MANAGEMENT,CRIMSON RESOURCE MANAGEMENT,PANAMA 15,SADD LEASE,32,5.22,1.1745,
INFINITY HYDROCARBONS,PENTARCH PETROLEUM,PENTARCH,PENTLAND STATION,17.2714,5.45,1.2263,
INFINITY HYDROCARBONS,BALLARD,PERRIS,PENTLAND STATION,23,2.27,0.5346,
INFINITY HYDROCARBONS,E&B NATURAL RESOURCES,PHIPPENS,PENTLAND STATION,,4.8,1.08,
INFINITY HYDROCARBONS,E&B NATURAL RESOURCES,PICKRELL-MITCHELL,PENTLAND STATION,,4.91,1.105,
MAYA OIL,MAYA OIL,PINE MEADOWS,SAN JOAQUIN REFINERY,15.025,3.6,0.81,
KERN ENERGY,CA PETROLEUM GROUP,PIONEER CANAL,KERN ENERGY,,2.54,0.5963,
CRIMSON RESOURCE MANAGEMENT,CRIMSON RESOURCE MANAGEMENT,PIONEER KCL 44,MABEL STRAWN,37.8,5.22,1.1745,
CRIMSON RESOURCE MANAGEMENT,CRIMSON RESOURCE MANAGEMENT,PIONEER KCL 44,SADD LEASE,37.1,5.22,1.1745,
KERN OIL & REFINING,,PORTALS,KERN ENERGY,16.7,1.71,0.3555,
KERN ENERGY,PETRO-LUD,PORTALS,KERN ENERGY,18.4,1.79,0.4202,
KERN ENERGY,"HOC CA, LLC",PORTALS HOC,KERN ENERGY,36.3,1.71,0.4014,
KERN ENERGY,PETRO-LUD,PORTER #1,KERN ENERGY,22.74,1.63,0.3826,
GRIFFIN RESOURCES,GRIFFIN RESOURCES,POSCAL,SAN JOAQUIN REFINERY,20,2.53,0.6325,
KERN OIL & REFINING,,QUINN LEASE,KERN ENERGY,36.5,2.38,0.5355,
KERN OIL & REFINING,,RICHARDS LEASE,KERN ENERGY,29.5,1.58,0.357,
"PBF HOLDING COMPANY, LLC.",KB OIL AND GAS,RICHARDSON LEASE,PBF CONTINENTAL STATION,,4.17,0.9383,
KERN OIL & REFINING,"J.P. OIL COMPANY, LLC.",RIO BRAVO LEASE,KERN ENERGY,35,2.14,0.4815,
INFINITY HYDROCARBONS,E&B NATURAL RESOURCES,RIO VIEJO (E&B),PENTLAND STATION,,3.62,0.8145,
CALIFORNIA RESOURCES CORPORATION,CALIFORNIA RESOURCES CORPORATION,RIPPERDAN,COALINGA TRUCK RACK (HEAVY),,2.66,0.558,
CALIFORNIA RESOURCES CORPORATION,CALIFORNIA RESOURCES CORPORATION,RIPPERDAN,DEHY 20 CRC,20.525,5.85,1.306,
CALIFORNIA RESOURCES CORPORATION,CALIFORNIA RESOURCES CORPORATION,RIPPERDAN,PENN ZIER,,3.65,0.821,
CALIFORNIA RESOURCES CORPORATION,CALIFORNIA RESOURCES CORPORATION,RIVERDALE LEASE,COALINGA TRUCK RACK (HEAVY),,2.66,0.558,
CALIFORNIA RESOURCES CORPORATION,CALIFORNIA RESOURCES CORPORATION,ROBINSON B,SAN JOAQUIN LACT,13.6797,2.16,0.486,
CALIFORNIA RESOURCES CORPORATION,CALIFORNIA RESOURCES CORPORATION,ROBINSON B,SAN JOAQUIN REFINERY,13.6797,2.16,0.486,
"PBF HOLDING COMPANY, LLC.",KB OIL AND GAS,ROCO LEASE,PBF CONTINENTAL STATION,15.8,4.17,0.9383,
INFINITY HYDROCARBONS,E&B NATURAL RESOURCES,ROCO TEJON HILLS (E&B),PENTLAND STATION,,4.25,0.9563,
PCEC,E&B NATURAL RESOURCES,RUSSELL RANCH,PENTLAND STATION,33.5282,3.23,0.7268,
SAN JOAQUIN REFINERY,BELLAIRE OIL,SADIE ANDREWS,SAN JOAQUIN REFINERY,15.85,2.62,0.5895,
INFINITY HYDROCARBONS,ETCHEGOIN,SALT CREEK UNIT (ETCHEGOIN),PENTLAND STATION,19.6,4.28,0.963,
IPEX,,SANTIAGO CREEK 52-58,PENTLAND STATION,,3.6,0.81,
IPEX,HOWARD CAYWOOD,SECTION 19 - HOWARD E. CAYWOOD INC.,PBF CONTINENTAL STATION,19.5,3.88,0.873,
IPEX,HOWARD CAYWOOD,SECTION 19 - HOWARD E. CAYWOOD INC.,PENTLAND STATION,19.5,4.28,0.963,
INFINITY HYDROCARBONS,E&B NATURAL RESOURCES,SECTION 21 (E&B),PENTLAND STATION,15.2214,3.77,0.848,
CALIFORNIA RESOURCES CORPORATION,CALIFORNIA RESOURCES CORPORATION,SECTION 23 KERN FRONT,PENTLAND STATION,,2.53,0.57,
INFINITY HYDROCARBONS,ART MCADAMS,SECTION 35,PENTLAND STATION,18.9,3.92,0.882,
INFINITY HYDROCARBONS,E&B NATURAL RESOURCES,SESNON - E&B,PENTLAND STATION,15.5156,3.84,0.864,
KERN ENERGY,RARE PETRO EXPLORATION,SHEEP SPRINGS,KERN ENERGY,26.7571,3.48,0.8169,
KERN ENERGY,RARE PETRO EXPLORATION,SMOOT FAMILY TRUST,KERN ENERGY,19,2.71,0.6362,
INFINITY HYDROCARBONS,SIERRA,SOLADINO,PENTLAND STATION,11.3,6.25,1.4817,
INFINITY HYDROCARBONS,E&B NATURAL RESOURCES,SOUTH ROSEDALE RANCH,PENTLAND STATION,14.2,3.77,0.848,
KERN OIL & REFINING,HUNTER EDISON OIL DEVELOPMENT LP,SPEED,KERN ENERGY,30,1.58,0.3555,
KERN ENERGY,RARE PETRO EXPLORATION,STANFORD,KERN ENERGY,,3.48,0.8169,
KERN OIL & REFINING,,STENDERUP,KERN ENERGY,28,1.58,0.3555,
INFINITY HYDROCARBONS,DAYBREAK,SUNDAY CENTRAL,PENTLAND STATION,15.8,4.03,0.946,
CALIFORNIA RESOURCES CORPORATION,CALIFORNIA RESOURCES CORPORATION,SURFLUH,COALINGA TRUCK RACK (HEAVY),,2.66,0.558,
CALIFORNIA RESOURCES CORPORATION,CALIFORNIA RESOURCES CORPORATION,SURFLUH,DEHY 20 CRC,20.8,6.08,1.368,
LONGBOW,LONGBOW,TEJON RANCH,SAN JOAQUIN REFINERY,,2.74,0.6432,
KERN ENERGY,CA PETROLEUM GROUP,TEN SECTION,KERN ENERGY,34.4357,2.04,0.4789,
INFINITY HYDROCARBONS,E&B NATURAL RESOURCES,THETA,PENTLAND STATION,,4.86,1.094,
CALIFORNIA RESOURCES CORPORATION,CALIFORNIA RESOURCES CORPORATION,TRANSITION,AFS N MIDWAY (FINLEY),15.7,4.39,0.9878,
CALIFORNIA RESOURCES CORPORATION,CALIFORNIA RESOURCES CORPORATION,TRANSITION,BAKERSFIELD TANK FARM,,1.9,0.465,
CALIFORNIA RESOURCES CORPORATION,CALIFORNIA RESOURCES CORPORATION,TRANSITION,METSON STATION HEAVY,,3.98,0.8955,
CALIFORNIA RESOURCES CORPORATION,CALIFORNIA RESOURCES CORPORATION,TRANSITION,OLYMPUS TERMINAL LLC,,6.67,1.338,
IPEX,PACE DIVERSIFIED CORP.,TRIBE B,PBF CONTINENTAL STATION,16.8333,3.98,0.8955,
VENATOR RESOURCES LLC,VENATOR RESOURCES LLC,TRINO,TUNNELL,,5.92,1.332,
INFINITY HYDROCARBONS,E&B NATURAL RESOURCES,TULARE,PENTLAND STATION,,4.29,0.965,
INFINITY HYDROCARBONS,TRIO PETROLEUM,UNION AVE,PENTLAND STATION,16.0815,3.85,0.866,
INFINITY HYDROCARBONS,BE CONWAY,UNION SUGAR,PENTLAND STATION,12.9,5.96,1.3821,
PETRO-LUD,PETRO-LUD,VEDDER PARKFORD,SAN JOAQUIN REFINERY,14.75,2.12,0.4977,
GRIFFIN RESOURCES,GRIFFIN RESOURCES,VILLARD,SAN JOAQUIN REFINERY,15.5,2.53,0.6325,
INFINITY HYDROCARBONS,E&B NATURAL RESOURCES,VOIGHT,PENTLAND STATION,,4.88,1.098,
INFINITY HYDROCARBONS,E&B NATURAL RESOURCES,WAGE,PENTLAND STATION,,5.36,1.206,
CALIFORNIA RESOURCES CORPORATION,CALIFORNIA RESOURCES CORPORATION,WF-36 ROSE LEASE,AFS N MIDWAY (FINLEY),25.7,3.82,0.8595,
CALIFORNIA RESOURCES CORPORATION,CALIFORNIA RESOURCES CORPORATION,WF-36 ROSE LEASE,BAKERSFIELD TANK FARM,,2.73,0.6552,
CALIFORNIA RESOURCES CORPORATION,CALIFORNIA RESOURCES CORPORATION,WF-36 ROSE LEASE,DEHY 20 CRC,29.4,3.82,0.8595,
CALIFORNIA RESOURCES CORPORATION,CALIFORNIA RESOURCES CORPORATION,WF-36 ROSE LEASE,NORTH SHAFTER,,1.76,0.4224,
CALIFORNIA RESOURCES CORPORATION,CALIFORNIA RESOURCES CORPORATION,WF-36 ROSE LEASE,PBF CONTINENTAL STATION,26.5364,3.92,0.882,
INFINITY HYDROCARBONS,E&B NATURAL RESOURCES,WILLIAMS,PENTLAND STATION,,4.9,1.103,
CALIFORNIA RESOURCES CORPORATION,CALIFORNIA RESOURCES CORPORATION,XY TIDELANDS CRC,VALERO ASPHALT WILMINGTON,,1.9,0.3713,
