name,kind,lat,lon,loads_history,avg_bbl_history,notes
1X16 TANK BATTERY,pickup,36.458463,-119.906476,0,,
2X-9 STORAGE FACILITY,pickup,36.458459,-119.90668,0,,
58-1U,pickup,35.951153,-119.976228,1,160.76,
7Y,pickup,35.84843,-120.06131,0,,
AERA LOCKWOOD #122918,pickup,35.139459,-119.506819,0,,
AFS N MIDWAY (FINLEY),dropoff,35.235698,-119.573819,0,,
ALEXANDER,pickup,35.95074,-120.814708,0,,
AML LEASE,pickup,35.3213,-119.736,0,,Added by Josh 9/8/2026
ANDERSON ETCHEGOIN,pickup,35.396461,-119.751086,5,160.68,
ANSOLABEHERE KERN FRONT,pickup,35.518012,-119.052513,24,153.45,
ANTHILL,pickup,35.4,-118.854,24,153.2,
ANZA,pickup,35.522112,-119.076868,0,,
ASPHALTO LEASE,pickup,35.294965,-119.587928,0,,
BAKERSFIELD TANK FARM,dropoff,35.4454,-119.046,0,,
BALFOUR LEASE,pickup,35.793724,-120.02475,0,,
BELRIDGE B,pickup,35.568349,-119.826356,3,174.09,
BERCHTOLD LEASE,pickup,35.360474,-119.160917,1,161.1,
BERRENDA MESA,pickup,35.6278,-119.8969,2,171.74,
BLACK LEASE,pickup,35.3876,-119.046,0,,
BLACK SATIN LEASE,pickup,35.656856,-119.015367,3,151.99,
BLACKWELLS CORNER UNIT,pickup,35.64372,-119.96442,0,,
BLAIR,pickup,34.722021,-120.245469,54,164.36,
BOWLES,pickup,35.6534,-118.961,5,144.48,
BOYNE,pickup,34.711045,-120.218164,48,153.53,
BROCKMAN,pickup,35.319275,-118.820518,5,156.54,
BROWN,pickup,35.3229,-118.837,15,152.74,
BURNS CRIST,pickup,34.457912,-118.6424,0,,
CAL CANAL,pickup,35.443767,-119.640577,24,175.58,
CAL FEDERAL A,pickup,35.295509,-119.582689,6,168.95,
CARIBOU,pickup,35.502187,-119.084482,5,152.62,
CARNEROS,pickup,35.45484,-119.74715,12,155.8,
CASMALIA,dropoff,34.853545,-120.518746,0,,
CAT CANYON,both,34.837715,-120.300234,0,,
CAULEY TRUST,pickup,35.490892,-119.080067,12,152.72,
CERINI TANK BATTERY,pickup,36.437956,-119.890344,0,,
CHAMBERLAIN LCO DROP - PCEC,dropoff,34.730078,-120.153789,0,,
CHARDONNAY,pickup,35.077396,-119.092093,49,168.7,
COALINGA TRUCK RACK (HEAVY),dropoff,36.192196,-120.354946,0,,"Rate sheet ""COALINGA"" = heavy rack; crude gravity decides light vs heavy; 0.13 mi apart"
COALINGA TRUCK RACK (LIGHT),dropoff,36.1913,-120.357,0,,
COFFEE LEASE,pickup,35.509889,-118.883022,3,146.75,
COMMUNITY,pickup,36.000796,-119.043007,3,158.87,
CONOCO (E&B),pickup,35.5369,-119.078,0,,
CRC 10G,both,35.240442,-119.380412,0,,
CRC 18G,pickup,35.2308,-119.43,0,,
CUCCIA,pickup,35.555761,-119.083054,0,,
CUYAMA SOUTH LEASE,pickup,34.959,-119.713,0,,
CWOD,pickup,35.3054,-119.709,0,,
DAVIS LCO DROP - PCEC,dropoff,34.724,-120.136472,0,,
DEBBIE LEASE,pickup,36.514034,-120.000283,0,,
DEHY 2 - CRC,dropoff,35.429147,-119.689406,0,,
DEHY 20 CRC,dropoff,35.477619,-119.73615,0,,
DELTA TRADING/CRIMSON,pickup,35.178298,-119.161545,0,,
DERBY,pickup,35.295976,-118.975309,0,,
DEVILS DEN (BCL LEASE),pickup,35.751314,-120.017604,3,161.67,
DORSEY GARDNER,pickup,35.54905,-118.86014,3,143.54,
DOUGHERTY,pickup,35.9469,-119.977,3,176.42,
DRYDEN,pickup,34.362181,-118.921169,142,175.94,
E & M LEASE,pickup,35.438769,-118.949511,27,151.12,
E&B ANDERSON,pickup,35.3029,-119.682,0,,Added by Josh 9/8/2026
E&B RIO BRAVO,pickup,35.546313,-119.078833,0,,Uses former RIO BRAVO USL (157738) coordinates; USL no longer hauled (Josh 9/8/2026)
E&B SALT CREEK,pickup,35.410664,-119.73286,8,150.86,
ELLIOT GLIDE 1-27,pickup,35.549056,-118.957611,3,159.47,
ENAS 21,pickup,35.5626,-119.079,6,151.63,
ENOS,pickup,34.926976,-120.393065,5,153.05,
ENRON 1-34,pickup,35.2791,-119.178,3,176.22,
F.E. SMITH,pickup,35.305602,-119.682158,0,,Added by Josh 9/8/2026
FOTH,pickup,35.415587,-119.055531,2,152.68,
GABRIEL,pickup,36.50029,-119.981946,0,,
GENERAL CARBON CO.,dropoff,33.971879,-118.244251,0,,
GIL SESNON,pickup,35.502,-119.095,0,,Added by Josh 9/8/2026
GLIDE 15,pickup,35.5739,-118.953,9,155.88,
GLIDE 33,pickup,35.539531,-118.959772,0,,Added by Josh 9/8/2026
GUMP TRUST,pickup,36.701463,-118.755997,2,157.76,
HANCOCK,pickup,34.94001,-120.398974,10,149.28,
HELM LEASE,pickup,36.4719,-120.043,19,173.89,
HERSHEY,pickup,35.3145,-118.83,0,,
HOLMES/BALLARD,pickup,35.065716,-119.336959,8,159.19,
HOPKINS,pickup,35.53006,-119.85824,0,,
HOUGHTON LEASE,pickup,35.358348,-119.157602,0,,
HOYT,pickup,35.341,-119.648,4,159.42,
ISABEL FEDERAL,pickup,35.5585,-119.081,5,151.67,
JADE KERN PROJECT,pickup,35.1501,-119.484,0,,
JENSEN,pickup,36.433311,-119.87178,0,,
JEWETT,pickup,35.2155,-118.839,1,160.63,
JOHNSON LEASE,pickup,35.364117,-119.204369,22,162.2,
JONES,pickup,35.6517,-118.962,7,144.33,
JUTBU,pickup,36.07917,-120.323681,9,172.01,
KARPE,pickup,35.36469,-119.16955,2,175.75,
KCL 61 - HIGHGATE,pickup,35.337536,-119.170089,2,163.5,
KCL SOUTH,pickup,34.994,-118.971,0,,Added by Josh 9/8/2026
KEMP,dropoff,34.896814,-120.385583,0,,
KERN ENERGY,both,35.295552,-118.924627,2,160.0,
KERN FRONT SECTION 27,pickup,35.4568,-119.055,92,157.26,
KETTLEMAN MIDDLE DOME,pickup,35.900168,-119.953928,14,172.31,
LAYMANCE,pickup,35.303288,-119.632718,49,150.9,
LINCOLN,pickup,35.0377,-119.376,0,,
LITTLE CREEK,pickup,35.644856,-118.956722,0,,
LOST HILLS #2 - CRC,pickup,35.649643,-119.745522,2405,160.75,Merged LOST HILLS 2 into this location (Josh 9/8/2026)
LOST HILLS 1,pickup,35.613622,-119.724231,0,,
LOVEGREN,pickup,35.366214,-119.204251,7,167.96,
LUNDAY THAGARD (WORLD OIL),both,33.946,-118.165,298,185.66,
LUTON LEASE,dropoff,34.734543,-120.159782,0,,
MABEL STRAWN,both,34.453709,-118.642336,0,,
MAGENHEIMER,pickup,34.794727,-120.262555,70,152.59,
MARK MORRIS,pickup,35.2977,-118.834,0,,
MATTSON,pickup,35.342578,-118.896683,8,158.35,
MCKITTRICK,pickup,35.3191,-119.659,5,150.96,
MCKITTRICK STATION,dropoff,35.324667,-119.650778,0,,
MERIZOIAN,pickup,35.994609,-119.039944,6,153.37,
METSON STATION HEAVY,dropoff,35.016809,-119.28925,0,,
MING 1&2,pickup,35.391635,-119.24173,0,,
MON LEASE,pickup,35.5522,-118.9358,29,156.89,
MT POSO LEASE,pickup,35.596795,-118.967874,960,157.86,
N&W,pickup,35.051157,-119.37142,10,153.85,
NEW HOPE BELLAIRE,pickup,35.553983,-119.096369,76,150.45,
NEW HOPE EAST,pickup,35.555761,-119.083054,23,152.39,
NEWBERRY GIBSON,pickup,35.45062,-118.87211,2,148.67,
NIXON,pickup,35.183459,-119.393089,17,170.13,
NL&F,pickup,34.384289,-118.723825,6,161.9,
NOBLE SECTION 29,pickup,36.468706,-120.029521,0,,
NORTH ROSEDALE RANCH,pickup,35.4421,-119.15,0,,
NORTH SHAFTER,both,35.528736,-119.272008,0,,
O'BRIEN-SILL,pickup,35.065422,-119.369532,0,,
OLCESE,pickup,35.49171,-118.86014,12,150.37,
OLYMPUS TERMINAL LLC,dropoff,33.751784,-118.206722,0,,
ORRADRE,pickup,35.949363,-120.816059,0,,
PACLAND,pickup,36.654383,-120.129275,0,,
PANAMA 15,pickup,35.314707,-119.063536,3,165.0,
PBF CONTINENTAL STATION,dropoff,35.149418,-119.470594,0,,
PENN ZIER,dropoff,36.210092,-120.392406,0,,
PENTARCH,pickup,36.000011,-119.053323,8,153.83,
PENTLAND STATION,dropoff,35.052554,-119.315879,0,,
PERRIS,pickup,35.1476,-119.488,0,,
PETERS,pickup,36.4895,-119.923,0,,
PHIPPENS,pickup,35.51119,-119.84817,0,,
PICKRELL-MITCHELL,pickup,35.52277,-119.85698,0,,
PINE MEADOWS,pickup,35.2658,-119.564,3,142.85,
PIONEER CANAL,pickup,35.339604,-119.2916,0,,
PIONEER KCL 44,pickup,35.000313,-119.255427,3,170.0,
PORTALS,pickup,35.342697,-118.888099,3,154.07,
PORTALS HOC,pickup,35.354034,-118.861186,5,169.01,
PORTER #1,pickup,35.318769,-118.910431,5,159.32,
POSCAL,pickup,35.631225,-118.958403,0,,
QUINN LEASE,pickup,35.35343,-119.160279,0,,
RIBOST TERMINAL,dropoff,33.7746,-118.212,0,,
RICHARDS LEASE,pickup,35.2196,-118.843,0,,Added by Josh 9/8/2026
RICHARDSON LEASE,pickup,35.405466,-119.752779,0,,
RIO BRAVO LEASE,pickup,35.456622,-119.274134,149,171.31,
RIO VIEJO (E&B),pickup,35.0818,-119.116,0,,
RIPPERDAN,pickup,36.62168,-120.066072,25,162.51,
RIVERDALE LEASE,pickup,36.452749,-119.904659,0,,
ROBINSON B,pickup,35.4735,-119.058,68,152.56,
ROCO LEASE,pickup,35.398623,-119.751036,6,151.98,
ROCO TEJON HILLS (E&B),pickup,35.0365,-118.787,0,,
RUSSELL RANCH,pickup,34.9971,-119.81,44,169.19,
SADD LEASE,dropoff,34.4579,-118.6405,0,,Merged SADD into this location (Josh 9/8/2026)
SADIE ANDREWS,pickup,35.3653,-118.876,3,153.02,
SALT CREEK UNIT (ETCHEGOIN),pickup,35.3968,-119.746,82,159.51,
SAN JOAQUIN LACT,dropoff,35.394558,-119.0505,0,,
SAN JOAQUIN REFINERY,dropoff,35.396016,-119.047036,0,,
SANTA PAULA TRUCK RACK,dropoff,34.3576,-119.058,0,,
SANTIAGO CREEK 52-58,pickup,35.010369,-119.231955,0,,Renamed from SANTIAGO C #55-28 (Josh 9/8/2026)
SECTION 19 - HOWARD E. CAYWOOD INC.,pickup,35.221556,-119.55428,2,151.69,
SECTION 21 (E&B),pickup,35.481801,-119.078663,27,151.07,
SECTION 23 KERN FRONT,pickup,35.4719,-119.037,0,,Added by Josh 9/8/2026
SECTION 24,pickup,35.221556,-119.554278,0,,
SECTION 27,pickup,36.076206,-120.325708,0,,
SECTION 35,pickup,35.4554,-119.034,1,151.76,
SECTION 8 LEASE,pickup,36.113081,-120.378174,0,,
SECURITY,dropoff,34.862181,-120.334842,0,,
SESNON - E&B,pickup,35.498368,-119.084517,7,159.63,
SHEEP SPRINGS,pickup,35.399344,-119.734315,15,168.47,
SMOOT FAMILY TRUST,pickup,35.510771,-118.881914,4,163.82,
SOLADINO,pickup,34.8496,-120.505,144,150.52,
SOLADINO (BLAIR TO SOLADINO),dropoff,34.8496,-120.505,0,,
SOUTH ROSEDALE RANCH,pickup,35.4369,-119.15,7,145.05,
SPEED,pickup,35.328869,-118.847196,9,163.63,
SPOLSDOFF,pickup,36.429447,-119.888039,0,,
STANFORD,pickup,35.4659,-119.849,0,,
STENDERUP,pickup,35.2011,-118.869,0,,Added by Josh 9/8/2026
SUNDAY CENTRAL,pickup,35.6637,-119.011,42,153.13,
SURFLUH,pickup,36.6275,-120.082,15,165.53,Renamed from SURFLUH 14 (Josh 9/8/2026)
TALLEY OIL,dropoff,35.144678,-119.427914,0,,
TAYLOR DEHY VENTURA,dropoff,34.314451,-119.298467,0,,
TEJON RANCH,pickup,35.086564,-118.813264,0,,
TEN SECTION,pickup,35.300136,-119.239104,14,169.9,
THETA,pickup,35.4815,-119.837,0,,
TRANSITION,pickup,34.985829,-118.929834,43,157.76,
TRIBE B,pickup,35.55077,-118.96471,5,155.11,
TRINO,pickup,35.2458,-118.865,1,135.0,
TULARE,pickup,35.2981,-119.656,0,,
TUNNELL,dropoff,34.880844,-120.319401,0,,Merged TUNNEL into this location (Josh 9/8/2026)
UNION AVE,pickup,35.3454,-119.0058,31,152.62,
UNION SUGAR,pickup,34.951781,-120.593134,5,148.62,
VALERO ASPHALT WILMINGTON,dropoff,33.797886,-118.238742,0,,
VEDDER PARKFORD,pickup,35.4164,-118.919,11,151.89,
VILLARD,pickup,35.631225,-118.958403,0,,
VOIGHT,pickup,35.52277,-119.85698,0,,
WAGE,pickup,35.6545,-119.961,0,,
WF-36 ROSE LEASE,pickup,35.621495,-119.332126,108,163.34,
WIGGINS,pickup,36.570113,-120.024346,0,,
WILLIAMS,pickup,35.52005,-119.86085,0,,
XY TIDELANDS CRC,pickup,33.763007,-118.217736,0,,
YOWLUMNE LEASE,dropoff,35.069903,-119.232928,0,,Added by Josh 9/8/2026
ZACA CHAMBERLIN,dropoff,34.730107,-120.153887,0,,
ZACA DAVIS,dropoff,34.726932,-120.147772,0,,
Petrol Bakersfield,yard,35.4544,-119.036,0,,Confirmed by Josh 9/8/2026
Petrol Santa Maria,yard,34.9219,-120.468,0,,Confirmed by Josh 9/8/2026
Petrol Coalinga,yard,36.1142,-120.372,0,,Confirmed by Josh 9/8/2026
